epoch,acc,learning_rate,loss,val_acc,val_loss
0,0.1899999976158142,9.999999747378752e-05,7.308251857757568,0.20000000298023224,2.564023017883301
1,0.1899999976158142,9.999999747378752e-05,2.555450677871704,0.20000000298023224,2.0494024753570557
2,0.20000000298023224,9.999999747378752e-05,1.7953155040740967,0.20000000298023224,1.713262677192688
